% Model, Synthetic COMSOL-like example
% Version, example
% Description, Synthetic pressure signal for demonstrating the FFT analyzer
% tau_p (ns),Time (ns),Synthetic pressure (Pa)
5,0.0,-4.7078574742e-17
5,0.2,-6.3398737524e-17
5,0.4,-8.5279249454e-17
5,0.6,-1.1458070615e-16
5,0.8,-1.5377470139e-16
5,1.0,-2.0614056873e-16
5,1.2,-2.7602418269e-16
5,1.4,-3.6917797636e-16
5,1.6,-4.9320711161e-16
5,1.8,-6.5815422018e-16
5,2.0,-8.7726480609e-16
5,2.2,-1.1679878878e-15
5,2.4,-1.5532825595e-15
5,2.6,-2.0633218859e-15
5,2.8,-2.7377122032e-15
5,3.0,-3.6283801461e-15
5,3.2,-4.8033236291e-15
5,3.4,-6.3514792636e-15
5,3.6,-8.3890306373e-15
5,3.8,-1.1067573789e-14
5,4.0,-1.4584673456e-14
5,4.2,-1.9197493034e-14
5,4.4,-2.5240371219e-14
5,4.6,-3.3147459739e-14
5,4.8,-4.3481842923e-14
5,5.0,-5.6972948011e-14
5,5.2,-7.4564546274e-14
5,5.4,-9.7476265654e-14
5,5.6,-1.2728231886e-13
5,5.8,-1.6601213780e-13
5,6.0,-2.1627884737e-13
5,6.2,-2.8144307234e-13
5,6.4,-3.6582153035e-13
5,6.6,-4.7495231855e-13
5,6.8,-6.1593187428e-13
5,7.0,-7.9784242959e-13
5,7.2,-1.0322935717e-12
5,7.4,-1.3341074933e-12
5,7.6,-1.7221849497e-12
5,7.8,-2.2205981754e-12
5,8.0,-2.8599684754e-12
5,8.2,-3.6792004134e-12
5,8.4,-4.7276620932e-12
5,8.6,-6.0679227552e-12
5,8.8,-7.7791857084e-12
5,9.0,-9.9615876478e-12
5,9.2,-1.2741576035e-11
5,9.4,-1.6278626150e-11
5,9.6,-2.0773620654e-11
5,9.8,-2.6479289543e-11
5,10.0,-3.3713200144e-11
5,10.2,-4.2873898883e-11
5,10.4,-5.4460943297e-11
5,10.6,-6.9099729223e-11
5,10.8,-8.7572220572e-11
5,11.0,-1.1085493489e-10
5,11.2,-1.4016583596e-10
5,11.4,-1.7702214529e-10
5,11.6,-2.2331152072e-10
5,11.8,-2.8137957605e-10
5,12.0,-3.5413735016e-10
5,12.2,-4.4519309673e-10
5,12.4,-5.5901368205e-10
5,12.6,-7.0112197754e-10
5,12.8,-8.7833795001e-10
5,13.0,-1.0990727259e-09
5,13.2,-1.3736867848e-09
5,13.4,-1.7149256759e-09
5,13.6,-2.1384493153e-09
5,13.8,-2.6634740863e-09
5,14.0,-3.3135507199e-09
5,14.2,-4.1175053739e-09
5,14.4,-5.1105765866e-09
5,14.6,-6.3357869790e-09
5,14.8,-7.8455958854e-09
5,15.0,-9.7038876839e-09
5,15.2,-1.1988360689e-08
5,15.4,-1.4793393293e-08
5,15.6,-1.8233477873e-08
5,15.8,-2.2447329167e-08
5,16.0,-2.7602792627e-08
5,16.2,-3.3902700243e-08
5,16.4,-4.1591846772e-08
5,16.6,-5.0965288876e-08
5,16.8,-6.2378203901e-08
5,17.0,-7.6257584520e-08
5,17.2,-9.3116091060e-08
5,17.4,-1.1356843581e-07
5,17.6,-1.3835073382e-07
5,17.8,-1.6834332387e-07
5,18.0,-2.0459764226e-07
5,18.2,-2.4836782239e-07
5,18.4,-3.0114779596e-07
5,18.6,-3.6471478856e-07
5,18.8,-4.4118023511e-07
5,19.0,-5.3304929106e-07
5,19.2,-6.4329028467e-07
5,19.4,-7.7541564744e-07
5,19.6,-9.3357607465e-07
5,19.8,-1.1226699095e-06
5,20.0,-1.3484700147e-06
5,20.2,-1.6177706962e-06
5,20.4,-1.9385575813e-06
5,20.6,-2.3202037245e-06
5,20.8,-2.7736956290e-06
5,21.0,-3.3118933279e-06
5,21.2,-3.9498291716e-06
5,21.4,-4.7050505200e-06
5,21.6,-5.5980121433e-06
5,21.8,-6.6525247929e-06
5,22.0,-7.8962671223e-06
5,22.2,-9.3613689153e-06
5,22.4,-1.1085074415e-05
5,22.6,-1.3110495456e-05
5,22.8,-1.5487465051e-05
5,23.0,-1.8273503145e-05
5,23.2,-2.1534907304e-05
5,23.4,-2.5347982283e-05
5,23.6,-2.9800423626e-05
5,23.8,-3.4992871710e-05
5,24.0,-4.1040653934e-05
5,24.2,-4.8075734150e-05
5,24.4,-5.6248889735e-05
5,24.6,-6.5732138141e-05
5,24.8,-7.6721436112e-05
5,25.0,-8.9439676130e-05
5,25.2,-1.0414000593e-04
5,25.4,-1.2110949824e-04
5,25.6,-1.4067319891e-04
5,25.8,-1.6319858278e-04
5,26.0,-1.8910044736e-04
5,26.2,-2.1884627490e-04
5,26.4,-2.5296209422e-04
5,26.6,-2.9203887312e-04
5,26.8,-3.3673947240e-04
5,27.0,-3.8780619158e-04
5,27.2,-4.4606893502e-04
5,27.4,-5.1245402577e-04
5,27.6,-5.8799369162e-04
5,27.8,-6.7383624507e-04
5,28.0,-7.7125697481e-04
5,28.2,-8.8166976170e-04
5,28.4,-1.0066394264e-03
5,28.6,-1.1478948093e-03
5,28.8,-1.3073425755e-03
5,29.0,-1.4870817285e-03
5,29.2,-1.6894188060e-03
5,29.4,-1.9168837204e-03
5,29.6,-2.1722461925e-03
5,29.8,-2.4585327143e-03
5,30.0,-2.7790439582e-03
5,30.2,-3.1373725375e-03
5,30.4,-3.5374209987e-03
5,30.6,-3.9834199118e-03
5,30.8,-4.4799458984e-03
5,31.0,-5.0319394185e-03
5,31.2,-5.6447221120e-03
5,31.4,-6.3240134638e-03
5,31.6,-7.0759465396e-03
5,31.8,-7.9070825098e-03
5,32.0,-8.8244236539e-03
5,32.2,-9.8354245098e-03
5,32.4,-1.0948000806e-02
5,32.6,-1.2170535792e-02
5,32.8,-1.3511883543e-02
5,33.0,-1.4981368825e-02
5,33.2,-1.6588783027e-02
5,33.4,-1.8344375725e-02
5,33.6,-2.0258841343e-02
5,33.8,-2.2343300439e-02
5,34.0,-2.4609275080e-02
5,34.2,-2.7068657802e-02
5,34.4,-2.9733673640e-02
5,34.6,-3.2616834711e-02
5,34.8,-3.5730886888e-02
5,35.0,-3.9088748077e-02
5,35.2,-4.2703437675e-02
5,35.4,-4.6587996830e-02
5,35.6,-5.0755399141e-02
5,35.8,-5.5218451550e-02
5,36.0,-5.9989685191e-02
5,36.2,-6.5081236101e-02
5,36.4,-7.0504715734e-02
5,36.6,-7.6271071375e-02
5,36.8,-8.2390436631e-02
5,37.0,-8.8871972306e-02
5,37.2,-9.5723698126e-02
5,37.4,-1.0295231588e-01
5,37.6,-1.1056302477e-01
5,37.8,-1.1855932979e-01
5,38.0,-1.2694284431e-01
5,38.2,-1.3571308805e-01
5,38.4,-1.4486728185e-01
5,38.6,-1.5440014087e-01
5,38.8,-1.6430366798e-01
5,39.0,-1.7456694924e-01
5,39.2,-1.8517595363e-01
5,39.4,-1.9611333927e-01
5,39.6,-2.0735826850e-01
5,39.8,-2.1888623443e-01
5,40.0,-2.3066890152e-01
5,40.2,-2.4267396303e-01
5,40.4,-2.5486501805e-01
5,40.6,-2.6720147109e-01
5,40.8,-2.7963845695e-01
5,41.0,-2.9212679385e-01
5,41.2,-3.0461296754e-01
5,41.4,-3.1703914916e-01
5,41.6,-3.2934324933e-01
5,41.8,-3.4145901104e-01
5,42.0,-3.5331614341e-01
5,42.2,-3.6484049825e-01
5,42.4,-3.7595429129e-01
5,42.6,-3.8657636909e-01
5,42.8,-3.9662252290e-01
5,43.0,-4.0600584971e-01
5,43.2,-4.1463716081e-01
5,43.4,-4.2242543728e-01
5,43.6,-4.2927833167e-01
5,43.8,-4.3510271416e-01
5,44.0,-4.3980526151e-01
5,44.2,-4.4329308595e-01
5,44.4,-4.4547440093e-01
5,44.6,-4.4625922005e-01
5,44.8,-4.4556008469e-01
5,45.0,-4.4329281560e-01
5,45.2,-4.3937728293e-01
5,45.4,-4.3373818871e-01
5,45.6,-4.2630585552e-01
5,45.8,-4.1701701429e-01
5,46.0,-4.0581558420e-01
5,46.2,-3.9265343692e-01
5,46.4,-3.7749113767e-01
5,46.6,-3.6029865490e-01
5,46.8,-3.4105603067e-01
5,47.0,-3.1975400373e-01
5,47.2,-2.9639457717e-01
5,47.4,-2.7099152309e-01
5,47.6,-2.4357081669e-01
5,47.8,-2.1417099262e-01
5,48.0,-1.8284341712e-01
5,48.2,-1.4965246979e-01
5,48.4,-1.1467562959e-01
5,48.6,-7.8003460600e-02
5,48.8,-3.9739493470e-02
5,49.0,0.0000000000e+00
5,49.2,4.1086341281e-02
5,49.4,8.3378889282e-02
5,49.6,1.2672559406e-01
5,49.8,1.7096365874e-01
5,50.0,2.1592030712e-01
5,50.2,2.6141365335e-01
5,50.4,3.0725366887e-01
5,50.6,3.5324324079e-01
5,50.8,3.9917931450e-01
5,51.0,4.4485411273e-01
5,51.2,4.9005642180e-01
5,51.4,5.3457293530e-01
5,51.6,5.7818964435e-01
5,51.8,6.2069326303e-01
5,52.0,6.6187267694e-01
5,52.2,7.0152040229e-01
5,52.4,7.3943404277e-01
5,52.6,7.7541773096e-01
5,52.8,8.0928354128e-01
5,53.0,8.4085286125e-01
5,53.2,8.6995770847e-01
5,53.4,8.9644198052e-01
5,53.6,9.2016262618e-01
5,53.8,9.4099072637e-01
5,54.0,9.5881247461e-01
5,54.2,9.7353004715e-01
5,54.4,9.8506235440e-01
5,54.6,9.9334566622e-01
5,54.8,9.9833410474e-01
5,55.0,1.0000000000e+00
5,55.2,9.9833410474e-01
5,55.4,9.9334566622e-01
5,55.6,9.8506235440e-01
5,55.8,9.7353004715e-01
5,56.0,9.5881247461e-01
5,56.2,9.4099072637e-01
5,56.4,9.2016262618e-01
5,56.6,8.9644198052e-01
5,56.8,8.6995770847e-01
5,57.0,8.4085286125e-01
5,57.2,8.0928354128e-01
5,57.4,7.7541773096e-01
5,57.6,7.3943404277e-01
5,57.8,7.0152040229e-01
5,58.0,6.6187267694e-01
5,58.2,6.2069326303e-01
5,58.4,5.7818964435e-01
5,58.6,5.3457293530e-01
5,58.8,4.9005642180e-01
5,59.0,4.4485411273e-01
5,59.2,3.9917931450e-01
5,59.4,3.5324324079e-01
5,59.6,3.0725366887e-01
5,59.8,2.6141365335e-01
5,60.0,2.1592030712e-01
5,60.2,1.7096365874e-01
5,60.4,1.2672559406e-01
5,60.6,8.3378889282e-02
5,60.8,4.1086341281e-02
5,61.0,0.0000000000e+00
5,61.2,-3.9739493470e-02
5,61.4,-7.8003460600e-02
5,61.6,-1.1467562959e-01
5,61.8,-1.4965246979e-01
5,62.0,-1.8284341712e-01
5,62.2,-2.1417099262e-01
5,62.4,-2.4357081669e-01
5,62.6,-2.7099152309e-01
5,62.8,-2.9639457717e-01
5,63.0,-3.1975400373e-01
5,63.2,-3.4105603067e-01
5,63.4,-3.6029865490e-01
5,63.6,-3.7749113767e-01
5,63.8,-3.9265343692e-01
5,64.0,-4.0581558420e-01
5,64.2,-4.1701701429e-01
5,64.4,-4.2630585552e-01
5,64.6,-4.3373818871e-01
5,64.8,-4.3937728293e-01
5,65.0,-4.4329281560e-01
5,65.2,-4.4556008469e-01
5,65.4,-4.4625922005e-01
5,65.6,-4.4547440093e-01
5,65.8,-4.4329308595e-01
5,66.0,-4.3980526151e-01
5,66.2,-4.3510271416e-01
5,66.4,-4.2927833167e-01
5,66.6,-4.2242543728e-01
5,66.8,-4.1463716081e-01
5,67.0,-4.0600584971e-01
5,67.2,-3.9662252290e-01
5,67.4,-3.8657636909e-01
5,67.6,-3.7595429129e-01
5,67.8,-3.6484049825e-01
5,68.0,-3.5331614341e-01
5,68.2,-3.4145901104e-01
5,68.4,-3.2934324933e-01
5,68.6,-3.1703914916e-01
5,68.8,-3.0461296754e-01
5,69.0,-2.9212679385e-01
5,69.2,-2.7963845695e-01
5,69.4,-2.6720147109e-01
5,69.6,-2.5486501805e-01
5,69.8,-2.4267396303e-01
5,70.0,-2.3066890152e-01
5,70.2,-2.1888623443e-01
5,70.4,-2.0735826850e-01
5,70.6,-1.9611333927e-01
5,70.8,-1.8517595363e-01
5,71.0,-1.7456694924e-01
5,71.2,-1.6430366798e-01
5,71.4,-1.5440014087e-01
5,71.6,-1.4486728185e-01
5,71.8,-1.3571308805e-01
5,72.0,-1.2694284431e-01
5,72.2,-1.1855932979e-01
5,72.4,-1.1056302477e-01
5,72.6,-1.0295231588e-01
5,72.8,-9.5723698126e-02
5,73.0,-8.8871972306e-02
5,73.2,-8.2390436631e-02
5,73.4,-7.6271071375e-02
5,73.6,-7.0504715734e-02
5,73.8,-6.5081236101e-02
5,74.0,-5.9989685191e-02
5,74.2,-5.5218451550e-02
5,74.4,-5.0755399141e-02
5,74.6,-4.6587996830e-02
5,74.8,-4.2703437675e-02
5,75.0,-3.9088748077e-02
5,75.2,-3.0484776279e-02
5,75.4,-2.2194486915e-02
5,75.6,-1.4214290601e-02
5,75.8,-6.5405090994e-03
5,76.0,8.3057773509e-04
5,76.2,7.9026926793e-03
5,76.4,1.4679529068e-02
5,76.6,2.1164725410e-02
5,76.8,2.7361846179e-02
5,77.0,3.3274368247e-02
5,77.2,3.8905672429e-02
5,77.4,4.4259039626e-02
5,77.6,4.9337651035e-02
5,77.8,5.4144591941e-02
5,78.0,5.8682858591e-02
5,78.2,6.2955367703e-02
5,78.4,6.6964968161e-02
5,78.6,7.0714454486e-02
5,78.8,7.4206581688e-02
5,79.0,7.7444081155e-02
5,79.2,8.0429677229e-02
5,79.4,8.3166104181e-02
5,79.6,8.5656123303e-02
5,79.8,8.7902539872e-02
5,80.0,8.9908219764e-02
5,80.2,9.1676105534e-02
5,80.4,9.3209231780e-02
5,80.6,9.4510739665e-02
5,80.8,9.5583890455e-02
5,81.0,9.6432077992e-02
5,81.2,9.7058840009e-02
5,81.4,9.7467868237e-02
5,81.6,9.7663017245e-02
5,81.8,9.7648311994e-02
5,82.0,9.7427954090e-02
5,82.2,9.7006326720e-02
5,82.4,9.6387998295e-02
5,82.6,9.5577724812e-02
5,82.8,9.4580450953e-02
5,83.0,9.3401309964e-02
5,83.2,9.2045622360e-02
5,83.4,9.0518893477e-02
5,83.6,8.8826809957e-02
5,83.8,8.6975235179e-02
5,84.0,8.4970203734e-02
5,84.2,8.2817914960e-02
5,84.4,8.0524725641e-02
5,84.6,7.8097141888e-02
5,84.8,7.5541810301e-02
5,85.0,7.2865508442e-02
5,85.2,7.0075134708e-02
5,85.4,6.7177697644e-02
5,85.6,6.4180304762e-02
5,85.8,6.1090150932e-02
5,86.0,5.7914506393e-02
5,86.2,5.4660704438e-02
5,86.4,5.1336128843e-02
5,86.6,4.7948201072e-02
5,86.8,4.4504367319e-02
5,87.0,4.1012085442e-02
5,87.2,3.7478811823e-02
5,87.4,3.3911988204e-02
5,87.6,3.0319028550e-02
5,87.8,2.6707305966e-02
5,88.0,2.3084139722e-02
5,88.2,1.9456782408e-02
5,88.4,1.5832407274e-02
5,88.6,1.2218095768e-02
5,88.8,8.6208253164e-03
5,89.0,5.0474573797e-03
5,89.2,1.5047257997e-03
5,89.4,-2.0007745240e-03
5,89.6,-5.4625986089e-03
5,89.8,-8.8744619902e-03
5,90.0,-1.2230250927e-02
5,90.2,-1.5524032189e-02
5,90.4,-1.8750062419e-02
5,90.6,-2.1902797029e-02
5,90.8,-2.4976898644e-02
5,91.0,-2.7967245054e-02
5,91.2,-3.0868936681e-02
5,91.4,-3.3677303533e-02
5,91.6,-3.6387911652e-02
5,91.8,-3.8996569026e-02
5,92.0,-4.1499330986e-02
5,92.2,-4.3892505056e-02
5,92.4,-4.6172655262e-02
5,92.6,-4.8336605905e-02
5,92.8,-5.0381444777e-02
5,93.0,-5.2304525840e-02
5,93.2,-5.4103471351e-02
5,93.4,-5.5776173442e-02
5,93.6,-5.7320795164e-02
5,93.8,-5.8735770983e-02
5,94.0,-6.0019806745e-02
5,94.2,-6.1171879118e-02
5,94.4,-6.2191234504e-02
5,94.6,-6.3077387440e-02
5,94.8,-6.3830118497e-02
5,95.0,-6.4449471681e-02
5,95.2,-6.4935751345e-02
5,95.4,-6.5289518640e-02
5,95.6,-6.5511587489e-02
5,95.8,-6.5603020125e-02
5,96.0,-6.5565122189e-02
5,96.2,-6.5399437407e-02
5,96.4,-6.5107741869e-02
5,96.6,-6.4692037909e-02
5,96.8,-6.4154547620e-02
5,97.0,-6.3497706013e-02
5,97.2,-6.2724153828e-02
5,97.4,-6.1836730039e-02
5,97.6,-6.0838464045e-02
5,97.8,-5.9732567581e-02
5,98.0,-5.8522426370e-02
5,98.2,-5.7211591516e-02
5,98.4,-5.5803770689e-02
5,98.6,-5.4302819090e-02
5,98.8,-5.2712730235e-02
5,99.0,-5.1037626577e-02
5,99.2,-4.9281749974e-02
5,99.4,-4.7449452043e-02
5,99.6,-4.5545184397e-02
5,99.8,-4.3573488806e-02
5,100.0,-4.1538987291e-02
5,100.2,-3.9446372172e-02
5,100.4,-3.7300396092e-02
5,100.6,-3.5105862042e-02
5,100.8,-3.2867613391e-02
5,101.0,-3.0590523958e-02
5,101.2,-2.8279488134e-02
5,101.4,-2.5939411078e-02
5,101.6,-2.3575199002e-02
5,101.8,-2.1191749563e-02
5,102.0,-1.8793942384e-02
5,102.2,-1.6386629716e-02
5,102.4,-1.3974627261e-02
5,102.6,-1.1562705167e-02
5,102.8,-9.1555792206e-03
5,103.0,-6.7579022416e-03
5,103.2,-4.3742556984e-03
5,103.4,-2.0091415605e-03
5,103.6,3.3302560243e-04
5,103.8,2.6479262602e-03
5,104.0,4.9313432895e-03
5,104.2,7.1791690568e-03
5,104.4,9.3874122075e-03
5,104.6,1.1552204149e-02
5,104.8,1.3669805224e-02
5,105.0,1.5736610552e-02
5,105.2,1.7749155555e-02
5,105.4,1.9704121135e-02
5,105.6,2.1598338509e-02
5,105.8,2.3428793703e-02
5,106.0,2.5192631683e-02
5,106.2,2.6887160133e-02
5,106.4,2.8509852873e-02
5,106.6,3.0058352907e-02
5,106.8,3.1530475114e-02
5,107.0,3.2924208567e-02
5,107.2,3.4237718483e-02
5,107.4,3.5469347814e-02
5,107.6,3.6617618465e-02
5,107.8,3.7681232152e-02
5,108.0,3.8659070897e-02
5,108.2,3.9550197165e-02
5,108.4,4.0353853648e-02
5,108.6,4.1069462700e-02
5,108.8,4.1696625418e-02
5,109.0,4.2235120399e-02
5,109.2,4.2684902153e-02
5,109.4,4.3046099188e-02
5,109.6,4.3319011792e-02
5,109.8,4.3504109483e-02
5,110.0,4.3602028175e-02
5,110.2,4.3613567039e-02
5,110.4,4.3539685089e-02
5,110.6,4.3381497488e-02
5,110.8,4.3140271591e-02
5,111.0,4.2817422742e-02
5,111.2,4.2414509820e-02
5,111.4,4.1933230561e-02
5,111.6,4.1375416660e-02
5,111.8,4.0743028669e-02
5,112.0,4.0038150694e-02
5,112.2,3.9262984920e-02
5,112.4,3.8419845959e-02
5,112.6,3.7511155048e-02
5,112.8,3.6539434104e-02
5,113.0,3.5507299644e-02
5,113.2,3.4417456597e-02
5,113.4,3.3272692006e-02
5,113.6,3.2075868650e-02
5,113.8,3.0829918578e-02
5,114.0,2.9537836594e-02
5,114.2,2.8202673685e-02
5,114.4,2.6827530415e-02
5,114.6,2.5415550301e-02
5,114.8,2.3969913174e-02
5,115.0,2.2493828551e-02
5,115.2,2.0990529019e-02
5,115.4,1.9463263655e-02
5,115.6,1.7915291479e-02
5,115.8,1.6349874972e-02
5,116.0,1.4770273656e-02
5,116.2,1.3179737752e-02
5,116.4,1.1581501930e-02
5,116.6,9.9787791635e-03
5,116.8,8.3747546865e-03
5,117.0,6.7725800848e-03
5,117.2,5.1753675133e-03
5,117.4,3.5861840581e-03
5,117.6,2.0080462510e-03
5,117.8,4.4391474481e-04
5,118.0,-1.1033108416e-03
5,118.2,-2.6307969000e-03
5,118.4,-4.1357806239e-03
5,118.6,-5.6155746074e-03
5,118.8,-7.0675712432e-03
5,119.0,-8.4892469155e-03
5,119.2,-9.8781659805e-03
5,119.4,-1.1231984530e-02
5,119.6,-1.2548453933e-02
5,119.8,-1.3825424150e-02
5,120.0,-1.5060846815e-02
5,120.2,-1.6252778092e-02
5,120.4,-1.7399381282e-02
5,120.6,-1.8498929199e-02
5,120.8,-1.9549806308e-02
5,121.0,-2.0550510607e-02
5,121.2,-2.1499655281e-02
5,121.4,-2.2395970105e-02
5,121.6,-2.3238302597e-02
5,121.8,-2.4025618941e-02
5,122.0,-2.4757004655e-02
5,122.2,-2.5431665027e-02
5,122.4,-2.6048925306e-02
5,122.6,-2.6608230658e-02
5,122.8,-2.7109145890e-02
5,123.0,-2.7551354941e-02
5,123.2,-2.7934660145e-02
5,123.4,-2.8258981275e-02
5,123.6,-2.8524354361e-02
5,123.8,-2.8730930302e-02
5,124.0,-2.8878973266e-02
5,124.2,-2.8968858884e-02
5,124.4,-2.9001072249e-02
5,124.6,-2.8976205725e-02
5,124.8,-2.8894956569e-02
5,125.0,-2.8758124373e-02
5,125.2,-2.8566608343e-02
5,125.4,-2.8321404403e-02
5,125.6,-2.8023602153e-02
5,125.8,-2.7674381668e-02
5,126.0,-2.7275010169e-02
5,126.2,-2.6826838548e-02
5,126.4,-2.6331297780e-02
5,126.6,-2.5789895215e-02
5,126.8,-2.5204210757e-02
5,127.0,-2.4575892955e-02
5,127.2,-2.3906654998e-02
5,127.4,-2.3198270629e-02
5,127.6,-2.2452569988e-02
5,127.8,-2.1671435396e-02
5,128.0,-2.0856797075e-02
5,128.2,-2.0010628833e-02
5,128.4,-1.9134943708e-02
5,128.6,-1.8231789586e-02
5,128.8,-1.7303244797e-02
5,129.0,-1.6351413711e-02
5,129.2,-1.5378422320e-02
5,129.4,-1.4386413840e-02
5,129.6,-1.3377544320e-02
5,129.8,-1.2353978283e-02
5,130.0,-1.1317884396e-02
5,130.2,-1.0271431181e-02
5,130.4,-9.2167827747e-03
5,130.6,-8.1560947510e-03
5,130.8,-7.0915099979e-03
5,131.0,-6.0251546735e-03
5,131.2,-4.9591342377e-03
5,131.4,-3.8955295701e-03
5,131.6,-2.8363931801e-03
5,131.8,-1.7837455151e-03
5,132.0,-7.3957137413e-04
5,132.2,2.9418356886e-04
5,132.4,1.3156161251e-03
5,132.6,2.3228688300e-03
5,132.8,3.3141330564e-03
5,133.0,4.2876519958e-03
5,133.2,5.2417235057e-03
5,133.4,6.1747028169e-03
5,133.6,7.0850050979e-03
5,133.8,7.9711078732e-03
5,134.0,8.8315532919e-03
5,134.2,9.6649502444e-03
5,134.4,1.0469976324e-02
5,134.6,1.1245379634e-02
5,134.8,1.1989980431e-02
5,135.0,1.2702672616e-02
5,135.2,1.3382425058e-02
5,135.4,1.4028282761e-02
5,135.6,1.4639367863e-02
5,135.8,1.5214880479e-02
5,136.0,1.5754099378e-02
5,136.2,1.6256382500e-02
5,136.4,1.6721167312e-02
5,136.6,1.7147971004e-02
5,136.8,1.7536390528e-02
5,137.0,1.7886102478e-02
5,137.2,1.8196862819e-02
5,137.4,1.8468506464e-02
5,137.6,1.8700946694e-02
5,137.8,1.8894174444e-02
5,138.0,1.9048257433e-02
5,138.2,1.9163339163e-02
5,138.4,1.9239637772e-02
5,138.6,1.9277444767e-02
5,138.8,1.9277123613e-02
5,139.0,1.9239108207e-02
5,139.2,1.9163901230e-02
5,139.4,1.9052072383e-02
5,139.6,1.8904256509e-02
5,139.8,1.8721151611e-02
5,140.0,1.8503516774e-02
5,140.2,1.8252169979e-02
5,140.4,1.7967985842e-02
5,140.6,1.7651893254e-02
5,140.8,1.7304872951e-02
5,141.0,1.6927955004e-02
5,141.2,1.6522216249e-02
5,141.4,1.6088777644e-02
5,141.6,1.5628801580e-02
5,141.8,1.5143489133e-02
5,142.0,1.4634077281e-02
5,142.2,1.4101836072e-02
5,142.4,1.3548065764e-02
5,142.6,1.2974093947e-02
5,142.8,1.2381272625e-02
5,143.0,1.1770975303e-02
5,143.2,1.1144594054e-02
5,143.4,1.0503536583e-02
5,143.6,9.8492233022e-03
5,143.8,9.1830844038e-03
5,144.0,8.5065569543e-03
5,144.2,7.8210820058e-03
5,144.4,7.1281017323e-03
5,144.6,6.4290565970e-03
5,144.8,5.7253825548e-03
5,145.0,5.0185082950e-03
5,145.2,4.3098525306e-03
5,145.4,3.6008213366e-03
5,145.6,2.8928055445e-03
5,145.8,2.1871781950e-03
5,146.0,1.4852920558e-03
5,146.2,7.8847720605e-04
5,146.4,9.8038693213e-05
5,146.6,-5.8474573456e-04
5,146.8,-1.2586278170e-03
5,147.0,-1.9223908877e-03
5,147.2,-2.5748518942e-03
5,147.4,-3.2148633301e-03
5,147.6,-3.8413150744e-03
5,147.8,-4.4531361382e-03
5,148.0,-5.0492963142e-03
5,148.2,-5.6288077279e-03
5,148.4,-6.1907262885e-03
5,148.6,-6.7341530377e-03
5,148.8,-7.2582353943e-03
5,149.0,-7.7621682953e-03
5,149.2,-8.2451952297e-03
5,149.4,-8.7066091662e-03
5,149.6,-9.1457533740e-03
5,149.8,-9.5620221350e-03
5,150.0,-9.9548613490e-03
10,0.0,-3.5685689788e-04
10,0.2,-3.8219589955e-04
10,0.4,-4.0920783177e-04
10,0.6,-4.3799355929e-04
10,0.8,-4.6865933382e-04
10,1.0,-5.0131703363e-04
10,1.2,-5.3608441067e-04
10,1.4,-5.7308534510e-04
10,1.6,-6.1245010727e-04
10,1.8,-6.5431562715e-04
10,2.0,-6.9882577111e-04
10,2.2,-7.4613162605e-04
10,2.4,-7.9639179071e-04
10,2.6,-8.4977267410e-04
10,2.8,-9.0644880090e-04
10,3.0,-9.6660312354e-04
10,3.2,-1.0304273410e-03
10,3.4,-1.0981222239e-03
10,3.6,-1.1698979454e-03
10,3.8,-1.2459744182e-03
10,4.0,-1.3265816370e-03
10,4.2,-1.4119600251e-03
10,4.4,-1.5023607872e-03
10,4.6,-1.5980462643e-03
10,4.8,-1.6992902940e-03
10,5.0,-1.8063785728e-03
10,5.2,-1.9196090210e-03
10,5.4,-2.0392921493e-03
10,5.6,-2.1657514270e-03
10,5.8,-2.2993236492e-03
10,6.0,-2.4403593049e-03
10,6.2,-2.5892229427e-03
10,6.4,-2.7462935341e-03
10,6.6,-2.9119648340e-03
10,6.8,-3.0866457358e-03
10,7.0,-3.2707606220e-03
10,7.2,-3.4647497072e-03
10,7.4,-3.6690693728e-03
10,7.6,-3.8841924935e-03
10,7.8,-4.1106087515e-03
10,8.0,-4.3488249398e-03
10,8.2,-4.5993652507e-03
10,8.4,-4.8627715496e-03
10,8.6,-5.1396036314e-03
10,8.8,-5.4304394578e-03
10,9.0,-5.7358753750e-03
10,9.2,-6.0565263082e-03
10,9.4,-6.3930259313e-03
10,9.6,-6.7460268115e-03
10,9.8,-7.1162005241e-03
10,10.0,-7.5042377373e-03
10,10.2,-7.9108482645e-03
10,10.4,-8.3367610809e-03
10,10.6,-8.7827243032e-03
10,10.8,-9.2495051291e-03
10,11.0,-9.7378897359e-03
10,11.2,-1.0248683133e-02
10,11.4,-1.0782708968e-02
10,11.6,-1.1340809283e-02
10,11.8,-1.1923844221e-02
10,12.0,-1.2532691673e-02
10,12.2,-1.3168246873e-02
10,12.4,-1.3831421926e-02
10,12.6,-1.4523145285e-02
10,12.8,-1.5244361148e-02
10,13.0,-1.5996028802e-02
10,13.2,-1.6779121882e-02
10,13.4,-1.7594627572e-02
10,13.6,-1.8443545717e-02
10,13.8,-1.9326887866e-02
10,14.0,-2.0245676231e-02
10,14.2,-2.1200942562e-02
10,14.4,-2.2193726940e-02
10,14.6,-2.3225076477e-02
10,14.8,-2.4296043937e-02
10,15.0,-2.5407686250e-02
10,15.2,-2.6561062947e-02
10,15.4,-2.7757234489e-02
10,15.6,-2.8997260508e-02
10,15.8,-3.0282197940e-02
10,16.0,-3.1613099064e-02
10,16.2,-3.2991009442e-02
10,16.4,-3.4416965749e-02
10,16.6,-3.5891993507e-02
10,16.8,-3.7417104716e-02
10,17.0,-3.8993295374e-02
10,17.2,-4.0621542904e-02
10,17.4,-4.2302803466e-02
10,17.6,-4.4038009178e-02
10,17.8,-4.5828065227e-02
10,18.0,-4.7673846879e-02
10,18.2,-4.9576196394e-02
10,18.4,-5.1535919839e-02
10,18.6,-5.3553783810e-02
10,18.8,-5.5630512052e-02
10,19.0,-5.7766781999e-02
10,19.2,-5.9963221220e-02
10,19.4,-6.2220403782e-02
10,19.6,-6.4538846536e-02
10,19.8,-6.6919005324e-02
10,20.0,-6.9361271121e-02
10,20.2,-7.1865966102e-02
10,20.4,-7.4433339659e-02
10,20.6,-7.7063564363e-02
10,20.8,-7.9756731871e-02
10,21.0,-8.2512848802e-02
10,21.2,-8.5331832577e-02
10,21.4,-8.8213507233e-02
10,21.6,-9.1157599223e-02
10,21.8,-9.4163733203e-02
10,22.0,-9.7231427832e-02
10,22.2,-1.0036009157e-01
10,22.4,-1.0354901850e-01
10,22.6,-1.0679738419e-01
10,22.8,-1.1010424159e-01
10,23.0,-1.1346851701e-01
10,23.2,-1.1688900606e-01
10,23.4,-1.2036436986e-01
10,23.6,-1.2389313113e-01
10,23.8,-1.2747367053e-01
10,24.0,-1.3110422304e-01
10,24.2,-1.3478287453e-01
10,24.4,-1.3850755838e-01
10,24.6,-1.4227605238e-01
10,24.8,-1.4608597568e-01
10,25.0,-1.4993478599e-01
10,25.2,-1.5381977701e-01
10,25.4,-1.5773807597e-01
10,25.6,-1.6168664151e-01
10,25.8,-1.6566226173e-01
10,26.0,-1.6966155253e-01
10,26.2,-1.7368095621e-01
10,26.4,-1.7771674035e-01
10,26.6,-1.8176499702e-01
10,26.8,-1.8582164228e-01
10,27.0,-1.8988241600e-01
10,27.2,-1.9394288207e-01
10,27.4,-1.9799842890e-01
10,27.6,-2.0204427034e-01
10,27.8,-2.0607544695e-01
10,28.0,-2.1008682771e-01
10,28.2,-2.1407311206e-01
10,28.4,-2.1802883244e-01
10,28.6,-2.2194835718e-01
10,28.8,-2.2582589388e-01
10,29.0,-2.2965549322e-01
10,29.2,-2.3343105319e-01
10,29.4,-2.3714632386e-01
10,29.6,-2.4079491252e-01
10,29.8,-2.4437028934e-01
10,30.0,-2.4786579352e-01
10,30.2,-2.5127463991e-01
10,30.4,-2.5458992607e-01
10,30.6,-2.5780463988e-01
10,30.8,-2.6091166758e-01
10,31.0,-2.6390380231e-01
10,31.2,-2.6677375313e-01
10,31.4,-2.6951415452e-01
10,31.6,-2.7211757634e-01
10,31.8,-2.7457653423e-01
10,32.0,-2.7688350054e-01
10,32.2,-2.7903091558e-01
10,32.4,-2.8101119946e-01
10,32.6,-2.8281676420e-01
10,32.8,-2.8444002636e-01
10,33.0,-2.8587341998e-01
10,33.2,-2.8710940999e-01
10,33.4,-2.8814050587e-01
10,33.6,-2.8895927571e-01
10,33.8,-2.8955836061e-01
10,34.0,-2.8993048928e-01
10,34.2,-2.9006849303e-01
10,34.4,-2.8996532090e-01
10,34.6,-2.8961405505e-01
10,34.8,-2.8900792636e-01
10,35.0,-2.8814033014e-01
10,35.2,-2.8700484203e-01
10,35.4,-2.8559523390e-01
10,35.6,-2.8390548994e-01
10,35.8,-2.8192982266e-01
10,36.0,-2.7966268895e-01
10,36.2,-2.7709880609e-01
10,36.4,-2.7423316764e-01
10,36.6,-2.7106105929e-01
10,36.8,-2.6757807445e-01
10,37.0,-2.6378012973e-01
10,37.2,-2.5966348013e-01
10,37.4,-2.5522473400e-01
10,37.6,-2.5046086762e-01
10,37.8,-2.4536923949e-01
10,38.0,-2.3994760416e-01
10,38.2,-2.3419412568e-01
10,38.4,-2.2810739051e-01
10,38.6,-2.2168641994e-01
10,38.8,-2.1493068194e-01
10,39.0,-2.0784010242e-01
10,39.2,-2.0041507585e-01
10,39.4,-1.9265647516e-01
10,39.6,-1.8456566096e-01
10,39.8,-1.7614449001e-01
10,40.0,-1.6739532290e-01
10,40.2,-1.5832103085e-01
10,40.4,-1.4892500175e-01
10,40.6,-1.3921114520e-01
10,40.8,-1.2918389677e-01
10,41.0,-1.1884822113e-01
10,41.2,-1.0820961440e-01
10,41.4,-9.7274105361e-02
10,41.6,-8.6048255705e-02
10,41.8,-7.4539159236e-02
10,42.0,-6.2754440009e-02
10,42.2,-5.0702249390e-02
10,42.4,-3.8391262033e-02
10,42.6,-2.5830670755e-02
10,42.8,-1.3030180302e-02
10,43.0,0.0000000000e+00
10,43.2,1.3249164705e-02
10,43.4,2.6706121833e-02
10,43.6,4.0359203561e-02
10,43.8,5.4196278033e-02
10,44.0,6.8204762266e-02
10,44.2,8.2371636141e-02
10,44.4,9.6683457483e-02
10,44.6,1.1112637818e-01
10,44.8,1.2568616138e-01
10,45.0,1.4034819963e-01
10,45.2,1.5509753410e-01
10,45.4,1.6991887468e-01
10,45.6,1.8479662107e-01
10,45.8,1.9971488477e-01
10,46.0,2.1465751182e-01
10,46.2,2.2960810651e-01
10,46.4,2.4455005580e-01
10,46.6,2.5946655443e-01
10,46.8,2.7434063076e-01
10,47.0,2.8915517328e-01
10,47.2,3.0389295762e-01
10,47.4,3.1853667417e-01
10,47.6,3.3306895612e-01
10,47.8,3.4747240795e-01
10,48.0,3.6172963423e-01
10,48.2,3.7582326883e-01
10,48.4,3.8973600420e-01
10,48.6,4.0345062097e-01
10,48.8,4.1695001759e-01
10,49.0,4.3021724001e-01
10,49.2,4.4323551135e-01
10,49.4,4.5598826149e-01
10,49.6,4.6845915649e-01
10,49.8,4.8063212780e-01
10,50.0,4.9249140115e-01
10,50.2,5.0402152513e-01
10,50.4,5.1520739929e-01
10,50.6,5.2603430183e-01
10,50.8,5.3648791664e-01
10,51.0,5.4655435981e-01
10,51.2,5.5622020540e-01
10,51.4,5.6547251050e-01
10,51.6,5.7429883948e-01
10,51.8,5.8268728734e-01
10,52.0,5.9062650226e-01
10,52.2,5.9810570702e-01
10,52.4,6.0511471951e-01
10,52.6,6.1164397214e-01
10,52.8,6.1768453011e-01
10,53.0,6.2322810850e-01
10,53.2,6.2826708822e-01
10,53.4,6.3279453065e-01
10,53.6,6.3680419099e-01
10,53.8,6.4029053036e-01
10,54.0,6.4324872649e-01
10,54.2,6.4567468304e-01
10,54.4,6.4756503758e-01
10,54.6,6.4891716808e-01
10,54.8,6.4972919801e-01
10,55.0,6.5000000000e-01
10,55.2,6.4972919801e-01
10,55.4,6.4891716808e-01
10,55.6,6.4756503758e-01
10,55.8,6.4567468304e-01
10,56.0,6.4324872649e-01
10,56.2,6.4029053036e-01
10,56.4,6.3680419099e-01
10,56.6,6.3279453065e-01
10,56.8,6.2826708822e-01
10,57.0,6.2322810850e-01
10,57.2,6.1768453011e-01
10,57.4,6.1164397214e-01
10,57.6,6.0511471951e-01
10,57.8,5.9810570702e-01
10,58.0,5.9062650226e-01
10,58.2,5.8268728734e-01
10,58.4,5.7429883948e-01
10,58.6,5.6547251050e-01
10,58.8,5.5622020540e-01
10,59.0,5.4655435981e-01
10,59.2,5.3648791664e-01
10,59.4,5.2603430183e-01
10,59.6,5.1520739929e-01
10,59.8,5.0402152513e-01
10,60.0,4.9249140115e-01
10,60.2,4.8063212780e-01
10,60.4,4.6845915649e-01
10,60.6,4.5598826149e-01
10,60.8,4.4323551135e-01
10,61.0,4.3021724001e-01
10,61.2,4.1695001759e-01
10,61.4,4.0345062097e-01
10,61.6,3.8973600420e-01
10,61.8,3.7582326883e-01
10,62.0,3.6172963423e-01
10,62.2,3.4747240795e-01
10,62.4,3.3306895612e-01
10,62.6,3.1853667417e-01
10,62.8,3.0389295762e-01
10,63.0,2.8915517328e-01
10,63.2,2.7434063076e-01
10,63.4,2.5946655443e-01
10,63.6,2.4455005580e-01
10,63.8,2.2960810651e-01
10,64.0,2.1465751182e-01
10,64.2,1.9971488477e-01
10,64.4,1.8479662107e-01
10,64.6,1.6991887468e-01
10,64.8,1.5509753410e-01
10,65.0,1.4034819963e-01
10,65.2,1.2568616138e-01
10,65.4,1.1112637818e-01
10,65.6,9.6683457483e-02
10,65.8,8.2371636141e-02
10,66.0,6.8204762266e-02
10,66.2,5.4196278033e-02
10,66.4,4.0359203561e-02
10,66.6,2.6706121833e-02
10,66.8,1.3249164705e-02
10,67.0,0.0000000000e+00
10,67.2,-1.3030180302e-02
10,67.4,-2.5830670755e-02
10,67.6,-3.8391262033e-02
10,67.8,-5.0702249390e-02
10,68.0,-6.2754440009e-02
10,68.2,-7.4539159236e-02
10,68.4,-8.6048255705e-02
10,68.6,-9.7274105361e-02
10,68.8,-1.0820961440e-01
10,69.0,-1.1884822113e-01
10,69.2,-1.2918389677e-01
10,69.4,-1.3921114520e-01
10,69.6,-1.4892500175e-01
10,69.8,-1.5832103085e-01
10,70.0,-1.6739532290e-01
10,70.2,-1.7614449001e-01
10,70.4,-1.8456566096e-01
10,70.6,-1.9265647516e-01
10,70.8,-2.0041507585e-01
10,71.0,-2.0784010242e-01
10,71.2,-2.1493068194e-01
10,71.4,-2.2168641994e-01
10,71.6,-2.2810739051e-01
10,71.8,-2.3419412568e-01
10,72.0,-2.3994760416e-01
10,72.2,-2.4536923949e-01
10,72.4,-2.5046086762e-01
10,72.6,-2.5522473400e-01
10,72.8,-2.5966348013e-01
10,73.0,-2.6378012973e-01
10,73.2,-2.6757807445e-01
10,73.4,-2.7106105929e-01
10,73.6,-2.7423316764e-01
10,73.8,-2.7709880609e-01
10,74.0,-2.7966268895e-01
10,74.2,-2.8192982266e-01
10,74.4,-2.8390548994e-01
10,74.6,-2.8559523390e-01
10,74.8,-2.8700484203e-01
10,75.0,-2.8814033014e-01
10,75.2,-2.8559795446e-01
10,75.4,-2.8283952898e-01
10,75.6,-2.7987772192e-01
10,75.8,-2.7672519638e-01
10,76.0,-2.7339458495e-01
10,76.2,-2.6989846508e-01
10,76.4,-2.6624933494e-01
10,76.6,-2.6245959013e-01
10,76.8,-2.5854150101e-01
10,77.0,-2.5450719088e-01
10,77.2,-2.5036861497e-01
10,77.4,-2.4613754018e-01
10,77.6,-2.4182552576e-01
10,77.8,-2.3744390489e-01
10,78.0,-2.3300376708e-01
10,78.2,-2.2851594160e-01
10,78.4,-2.2399098178e-01
10,78.6,-2.1943915036e-01
10,78.8,-2.1487040566e-01
10,79.0,-2.1029438894e-01
10,79.2,-2.0572041255e-01
10,79.4,-2.0115744922e-01
10,79.6,-1.9661412228e-01
10,79.8,-1.9209869684e-01
10,80.0,-1.8761907210e-01
10,80.2,-1.8318277448e-01
10,80.4,-1.7879695184e-01
10,80.6,-1.7446836866e-01
10,80.8,-1.7020340217e-01
10,81.0,-1.6600803940e-01
10,81.2,-1.6188787520e-01
10,81.4,-1.5784811120e-01
10,81.6,-1.5389355560e-01
10,81.8,-1.5002862392e-01
10,82.0,-1.4625734052e-01
10,82.2,-1.4258334102e-01
10,82.4,-1.3900987555e-01
10,82.6,-1.3553981266e-01
10,82.8,-1.3217564415e-01
10,83.0,-1.2891949050e-01
10,83.2,-1.2577310709e-01
10,83.4,-1.2273789099e-01
10,83.6,-1.1981488851e-01
10,83.8,-1.1700480326e-01
10,84.0,-1.1430800482e-01
10,84.2,-1.1172453793e-01
10,84.4,-1.0925413226e-01
10,84.6,-1.0689621257e-01
10,84.8,-1.0464990931e-01
10,85.0,-1.0251406971e-01
10,85.2,-1.0048726918e-01
10,85.4,-9.8567823024e-02
10,85.6,-9.6753798510e-02
10,85.8,-9.5043027195e-02
10,86.0,-9.3433117461e-02
10,86.2,-9.1921467275e-02
10,86.4,-9.0505277105e-02
10,86.6,-8.9181562975e-02
10,86.8,-8.7947169615e-02
10,87.0,-8.6798783691e-02
10,87.2,-8.5732947057e-02
10,87.4,-8.4746070033e-02
10,87.6,-8.3834444640e-02
10,87.8,-8.2994257800e-02
10,88.0,-8.2221604439e-02
10,88.2,-8.1512500497e-02
10,88.4,-8.0862895786e-02
10,88.6,-8.0268686701e-02
10,88.8,-7.9725728733e-02
10,89.0,-7.9229848775e-02
10,89.2,-7.8776857199e-02
10,89.4,-7.8362559671e-02
10,89.6,-7.7982768693e-02
10,89.8,-7.7633314844e-02
10,90.0,-7.7310057718e-02
10,90.2,-7.7008896512e-02
10,90.4,-7.6725780284e-02
10,90.6,-7.6456717830e-02
10,90.8,-7.6197787199e-02
10,91.0,-7.5945144802e-02
10,91.2,-7.5695034127e-02
10,91.4,-7.5443794042e-02
10,91.6,-7.5187866667e-02
10,91.8,-7.4923804822e-02
10,92.0,-7.4648279032e-02
10,92.2,-7.4358084090e-02
10,92.4,-7.4050145171e-02
10,92.6,-7.3721523484e-02
10,92.8,-7.3369421483e-02
10,93.0,-7.2991187603e-02
10,93.2,-7.2584320548e-02
10,93.4,-7.2146473117e-02
10,93.6,-7.1675455571e-02
10,93.8,-7.1169238544e-02
10,94.0,-7.0625955507e-02
10,94.2,-7.0043904776e-02
10,94.4,-6.9421551084e-02
10,94.6,-6.8757526710e-02
10,94.8,-6.8050632177e-02
10,95.0,-6.7299836535e-02
10,95.2,-6.6504277212e-02
10,95.4,-6.5663259475e-02
10,95.6,-6.4776255486e-02
10,95.8,-6.3842902967e-02
10,96.0,-6.2863003500e-02
10,96.2,-6.1836520449e-02
10,96.4,-6.0763576541e-02
10,96.6,-5.9644451098e-02
10,96.8,-5.8479576942e-02
10,97.0,-5.7269536996e-02
10,97.2,-5.6015060566e-02
10,97.4,-5.4717019355e-02
10,97.6,-5.3376423192e-02
10,97.8,-5.1994415511e-02
10,98.0,-5.0572268583e-02
10,98.2,-4.9111378524e-02
10,98.4,-4.7613260086e-02
10,98.6,-4.6079541261e-02
10,98.8,-4.4511957695e-02
10,99.0,-4.2912346939e-02
10,99.2,-4.1282642556e-02
10,99.4,-3.9624868086e-02
10,99.6,-3.7941130904e-02
10,99.8,-3.6233615961e-02
10,100.0,-3.4504579455e-02
10,100.2,-3.2756342418e-02
10,100.4,-3.0991284258e-02
10,100.6,-2.9211836248e-02
10,100.8,-2.7420475004e-02
10,101.0,-2.5619715941e-02
10,101.2,-2.3812106740e-02
10,101.4,-2.2000220828e-02
10,101.6,-2.0186650898e-02
10,101.8,-1.8374002464e-02
10,102.0,-1.6564887487e-02
10,102.2,-1.4761918065e-02
10,102.4,-1.2967700212e-02
10,102.6,-1.1184827730e-02
10,102.8,-9.4158761999e-03
10,103.0,-7.6633970786e-03
10,103.2,-5.9299119394e-03
10,103.4,-4.2179068480e-03
10,103.6,-2.5298268923e-03
10,103.8,-8.6807087338e-04
10,104.0,7.6501383338e-04
10,104.2,2.3671362379e-03
10,104.4,3.9360665080e-03
10,104.6,5.4696405479e-03
10,104.8,6.9657643744e-03
10,105.0,8.4224182859e-03
10,105.2,9.8376608168e-03
10,105.4,1.1209632473e-02
10,105.6,1.2536559244e-02
10,105.8,1.3816755882e-02
10,106.0,1.5048628957e-02
10,106.2,1.6230679668e-02
10,106.4,1.7361506422e-02
10,106.6,1.8439807166e-02
10,106.8,1.9464381483e-02
10,107.0,2.0434132445e-02
10,107.2,2.1348068213e-02
10,107.4,2.2205303405e-02
10,107.6,2.3005060212e-02
10,107.8,2.3746669273e-02
10,108.0,2.4429570312e-02
10,108.2,2.5053312530e-02
10,108.4,2.5617554764e-02
10,108.6,2.6122065410e-02
10,108.8,2.6566722111e-02
10,109.0,2.6951511226e-02
10,109.2,2.7276527065e-02
10,109.4,2.7541970913e-02
10,109.6,2.7748149833e-02
10,109.8,2.7895475264e-02
10,110.0,2.7984461416e-02
10,110.2,2.8015723459e-02
10,110.4,2.7989975532e-02
10,110.6,2.7908028559e-02
10,110.8,2.7770787888e-02
10,111.0,2.7579250758e-02
10,111.2,2.7334503605e-02
10,111.4,2.7037719207e-02
10,111.6,2.6690153688e-02
10,111.8,2.6293143367e-02
10,112.0,2.5848101493e-02
10,112.2,2.5356514836e-02
10,112.4,2.4819940183e-02
10,112.6,2.4240000703e-02
10,112.8,2.3618382236e-02
10,113.0,2.2956829478e-02
10,113.2,2.2257142088e-02
10,113.4,2.1521170725e-02
10,113.6,2.0750813021e-02
10,113.8,1.9948009496e-02
10,114.0,1.9114739435e-02
10,114.2,1.8253016721e-02
10,114.4,1.7364885644e-02
10,114.6,1.6452416692e-02
10,114.8,1.5517702327e-02
10,115.0,1.4562852768e-02
10,115.2,1.3589991774e-02
10,115.4,1.2601252442e-02
10,115.6,1.1598773037e-02
10,115.8,1.0584692842e-02
10,116.0,9.5611480614e-03
10,116.2,8.5302677602e-03
10,116.4,7.4941698655e-03
10,116.6,6.4549572291e-03
10,116.8,5.4147137591e-03
10,117.0,4.3755006301e-03
10,117.2,3.3393525755e-03
10,117.4,2.3082742712e-03
10,117.6,1.2842368150e-03
10,117.8,2.6917430877e-04
10,118.0,-7.3501945178e-04
10,118.2,-1.7264941735e-03
10,118.4,-2.7034461436e-03
10,118.6,-3.6641211846e-03
10,118.8,-4.6068174806e-03
10,119.0,-5.5298882721e-03
10,119.2,-6.4317444145e-03
10,119.4,-7.3108567969e-03
10,119.6,-8.1657586186e-03
10,119.8,-8.9950475193e-03
10,120.0,-9.7973875607e-03
10,120.2,-1.0571511058e-02
10,120.4,-1.1316220260e-02
10,120.6,-1.2030388869e-02
10,120.8,-1.2712963416e-02
10,121.0,-1.3362964468e-02
10,121.2,-1.3979487683e-02
10,121.4,-1.4561704709e-02
10,121.6,-1.5108863925e-02
10,121.8,-1.5620291020e-02
10,122.0,-1.6095389417e-02
10,122.2,-1.6533640551e-02
10,122.4,-1.6934603972e-02
10,122.6,-1.7297917317e-02
10,122.8,-1.7623296113e-02
10,123.0,-1.7910533442e-02
10,123.2,-1.8159499454e-02
10,123.4,-1.8370140731e-02
10,123.6,-1.8542479522e-02
10,123.8,-1.8676612829e-02
10,124.0,-1.8772711356e-02
10,124.2,-1.8831018337e-02
10,124.4,-1.8851848228e-02
10,124.6,-1.8835585272e-02
10,124.8,-1.8782681959e-02
10,125.0,-1.8693657348e-02
10,125.2,-1.8569095302e-02
10,125.4,-1.8409642598e-02
10,125.6,-1.8216006946e-02
10,125.8,-1.7988954909e-02
10,126.0,-1.7729309730e-02
10,126.2,-1.7437949076e-02
10,126.4,-1.7115802700e-02
10,126.6,-1.6763850028e-02
10,126.8,-1.6383117676e-02
10,127.0,-1.5974676903e-02
10,127.2,-1.5539641009e-02
10,127.4,-1.5079162676e-02
10,127.6,-1.4594431265e-02
10,127.8,-1.4086670072e-02
10,128.0,-1.3557133547e-02
10,128.2,-1.3007104488e-02
10,128.4,-1.2437891203e-02
10,128.6,-1.1850824670e-02
10,128.8,-1.1247255664e-02
10,129.0,-1.0628551901e-02
10,129.2,-9.9960951575e-03
10,129.4,-9.3512784189e-03
10,129.6,-8.6955030202e-03
10,129.8,-8.0301758120e-03
10,130.0,-7.3567063460e-03
10,130.2,-6.6765040869e-03
10,130.4,-5.9909756562e-03
10,130.6,-5.3015221136e-03
10,130.8,-4.6095362798e-03
10,131.0,-3.9164001052e-03
10,131.2,-3.2234820913e-03
10,131.4,-2.5321347664e-03
10,131.6,-1.8436922218e-03
10,131.8,-1.1594677123e-03
10,132.0,-4.8075132397e-04
10,132.2,1.9119228506e-04
10,132.4,8.5512606960e-04
10,132.6,1.5098427028e-03
10,132.8,2.1541665996e-03
10,133.0,2.7869558554e-03
10,133.2,3.4071040966e-03
10,133.4,4.0135422402e-03
10,133.6,4.6052401616e-03
10,133.8,5.1812082658e-03
10,134.0,5.7404989628e-03
10,134.2,6.2822080432e-03
10,134.4,6.8054759533e-03
10,134.6,7.3094889696e-03
10,134.8,7.7934802683e-03
10,135.0,8.2567308928e-03
10,135.2,8.6985706155e-03
10,135.4,9.1183786950e-03
10,135.6,9.5155845274e-03
10,135.8,9.8896681928e-03
10,136.0,1.0240160896e-02
10,136.2,1.0566645303e-02
10,136.4,1.0868755771e-02
10,136.6,1.1146178476e-02
10,136.8,1.1398651442e-02
10,137.0,1.1625964457e-02
10,137.2,1.1827958901e-02
10,137.4,1.2004527470e-02
10,137.6,1.2155613800e-02
10,137.8,1.2281211998e-02
10,138.0,1.2381366087e-02
10,138.2,1.2456169341e-02
10,138.4,1.2505763554e-02
10,138.6,1.2530338206e-02
10,138.8,1.2530129550e-02
10,139.0,1.2505419620e-02
10,139.2,1.2456535161e-02
10,139.4,1.2383846478e-02
10,139.6,1.2287766221e-02
10,139.8,1.2168748092e-02
10,140.0,1.2027285496e-02
10,140.2,1.1863910123e-02
10,140.4,1.1679190473e-02
10,140.6,1.1473730326e-02
10,140.8,1.1248167160e-02
10,141.0,1.1003170522e-02
10,141.2,1.0739440356e-02
10,141.4,1.0457705286e-02
10,141.6,1.0158720864e-02
10,141.8,9.8432677915e-03
10,142.0,9.5121501036e-03
10,142.2,9.1661933314e-03
10,142.4,8.8062426445e-03
10,142.6,8.4331609744e-03
10,142.8,8.0478271252e-03
10,143.0,7.6511338750e-03
10,143.2,7.2439860707e-03
10,143.4,6.8272987220e-03
10,143.6,6.4019950959e-03
10,143.8,5.9690048176e-03
10,144.0,5.5292619804e-03
10,144.2,5.0837032684e-03
10,144.4,4.6332660946e-03
10,144.6,4.1788867602e-03
10,144.8,3.7214986359e-03
10,145.0,3.2620303699e-03
10,145.2,2.8014041255e-03
10,145.4,2.3405338516e-03
10,145.6,1.8803235887e-03
10,145.8,1.4216658132e-03
10,146.0,9.6543982432e-04
10,146.2,5.1251017335e-04
10,146.4,6.3725141226e-05
10,146.6,-3.8008473575e-04
10,146.8,-8.1810808838e-04
10,147.0,-1.2495540835e-03
10,147.2,-1.6736537370e-03
10,147.4,-2.0896611696e-03
10,147.6,-2.4968548028e-03
10,147.8,-2.8945384938e-03
10,148.0,-3.2820426077e-03
10,148.2,-3.6587250262e-03
10,148.4,-4.0239720903e-03
10,148.6,-4.3771994769e-03
10,148.8,-4.7178530084e-03
10,149.0,-5.0454093938e-03
10,149.2,-5.3593769009e-03
10,149.4,-5.6592959595e-03
10,149.6,-5.9447396943e-03
10,149.8,-6.2153143888e-03
10,150.0,-6.4706598778e-03
